ID_Cliente,TipoContrato,ValorMensal,MesesNaEmpresa,ReclamacoesSuporte,Churn
ID-0001,Mensal,68.51,7,1,Sim
ID-0002,Bienal,104.19,35,2,Não
ID-0003,Anual,137.29,55,2,Não
ID-0004,Anual,123.22,14,0,Não
ID-0005,Mensal,130.66,10,2,Não
ID-0006,Mensal,115.88,16,2,Não
ID-0007,Mensal,119.23,54,0,Não
ID-0008,Bienal,134.92,70,2,Não
ID-0009,Anual,74.97,44,0,Não
ID-0010,Anual,98.94,45,0,Não
ID-0011,Mensal,72.12,56,2,Não
ID-0012,Bienal,148.77,57,0,Não
ID-0013,Bienal,144.41,21,2,Não
ID-0014,Mensal,53.94,68,2,Não
ID-0015,Mensal,120.56,50,2,Não
ID-0016,Mensal,142.52,33,1,Não
ID-0017,Mensal,68.06,7,2,Sim
ID-0018,Anual,106.79,70,0,Não
ID-0019,Mensal,141.55,15,2,Não
ID-0020,Mensal,53.39,32,1,Não
ID-0021,Anual,119.74,20,1,Não
ID-0022,Mensal,79.73,15,1,Sim
ID-0023,Mensal,142.44,48,1,Não
ID-0024,Mensal,147.11,71,1,Sim
ID-0025,Mensal,144.43,21,2,Não
ID-0026,Anual,97.42,42,3,Não
ID-0027,Mensal,136.2,26,2,Não
ID-0028,Anual,134.45,14,0,Não
ID-0029,Anual,81.91,57,0,Não
ID-0030,Mensal,132.89,37,1,Sim
ID-0031,Anual,53.7,58,0,Não
ID-0032,Mensal,109.63,21,2,Não
ID-0033,Mensal,73.0,69,0,Não
ID-0034,Bienal,62.06,3,0,Não
ID-0035,Bienal,57.7,37,0,Não
ID-0036,Bienal,119.63,49,1,Não
ID-0037,Mensal,83.99,19,0,Sim
ID-0038,Mensal,122.48,12,3,Não
ID-0039,Anual,56.54,61,1,Não
ID-0040,Mensal,81.53,41,1,Não
ID-0041,Mensal,103.95,33,1,Não
ID-0042,Mensal,129.07,50,1,Não
ID-0043,Mensal,81.88,68,3,Não
ID-0044,Bienal,112.59,71,2,Não
ID-0045,Mensal,138.6,33,2,Não
ID-0046,Anual,111.59,24,1,Não
ID-0047,Mensal,73.3,61,0,Não
ID-0048,Anual,52.44,61,3,Não
ID-0049,Anual,137.01,28,4,Não
ID-0050,Mensal,52.13,58,2,Não
ID-0051,Bienal,137.47,43,4,Não
ID-0052,Anual,102.89,41,1,Não
ID-0053,Bienal,143.91,39,0,Não
ID-0054,Bienal,129.88,49,0,Não
ID-0055,Anual,149.79,17,1,Não
ID-0056,Bienal,85.07,70,2,Não
ID-0057,Mensal,126.72,70,2,Não
ID-0058,Mensal,90.19,65,1,Sim
ID-0059,Mensal,97.99,5,2,Sim
ID-0060,Mensal,112.75,2,0,Sim
ID-0061,Mensal,137.37,22,3,Não
ID-0062,Mensal,148.41,57,0,Não
ID-0063,Bienal,126.83,66,4,Não
ID-0064,Mensal,91.78,16,2,Não
ID-0065,Mensal,92.14,51,2,Não
ID-0066,Anual,123.76,39,3,Não
ID-0067,Mensal,73.88,40,1,Não
ID-0068,Bienal,61.05,38,1,Não
ID-0069,Mensal,85.46,60,3,Não
ID-0070,Bienal,78.72,59,2,Não
ID-0071,Anual,79.63,10,1,Não
ID-0072,Mensal,73.36,64,1,Não
ID-0073,Mensal,54.21,63,2,Sim
ID-0074,Bienal,51.79,49,0,Não
ID-0075,Anual,148.77,64,3,Não
ID-0076,Anual,92.78,32,2,Não
ID-0077,Anual,88.43,7,2,Não
ID-0078,Mensal,117.96,21,0,Sim
ID-0079,Mensal,71.83,20,0,Sim
ID-0080,Mensal,145.0,26,0,Não
ID-0081,Bienal,128.63,68,2,Não
ID-0082,Anual,58.94,15,1,Não
ID-0083,Mensal,91.76,14,2,Não
ID-0084,Mensal,137.91,27,0,Não
ID-0085,Mensal,144.47,40,3,Não
ID-0086,Mensal,96.74,58,1,Não
ID-0087,Anual,111.34,28,3,Não
ID-0088,Anual,66.7,26,3,Não
ID-0089,Bienal,149.12,63,1,Não
ID-0090,Mensal,73.17,66,4,Sim
ID-0091,Mensal,144.27,25,2,Não
ID-0092,Anual,114.96,3,2,Não
ID-0093,Anual,110.77,44,2,Não
ID-0094,Anual,101.27,42,1,Não
ID-0095,Anual,73.07,6,1,Não
ID-0096,Mensal,67.65,39,0,Não
ID-0097,Anual,72.05,52,2,Não
ID-0098,Mensal,68.64,23,0,Não
ID-0099,Mensal,127.96,50,2,Não
ID-0100,Mensal,85.01,43,2,Sim
ID-0101,Mensal,55.78,19,1,Não
ID-0102,Anual,146.91,69,2,Não
ID-0103,Mensal,138.38,51,2,Não
ID-0104,Anual,142.78,11,2,Não
ID-0105,Bienal,149.49,12,3,Não
ID-0106,Mensal,67.39,8,1,Sim
ID-0107,Mensal,89.62,24,3,Não
ID-0108,Anual,125.82,41,2,Não
ID-0109,Mensal,119.6,36,0,Não
ID-0110,Mensal,65.39,55,2,Não
ID-0111,Mensal,131.58,9,2,Sim
ID-0112,Mensal,72.44,47,2,Não
ID-0113,Bienal,72.38,15,0,Não
ID-0114,Bienal,103.7,48,0,Não
ID-0115,Anual,109.29,42,1,Não
ID-0116,Bienal,108.01,60,0,Não
ID-0117,Bienal,59.15,70,2,Não
ID-0118,Mensal,137.75,12,4,Sim
ID-0119,Bienal,76.56,2,3,Não
ID-0120,Anual,62.95,7,3,Não
ID-0121,Bienal,138.87,3,1,Não
ID-0122,Bienal,145.57,3,2,Não
ID-0123,Mensal,136.21,27,3,Não
ID-0124,Mensal,130.95,40,1,Não
ID-0125,Mensal,115.52,33,2,Não
ID-0126,Mensal,105.09,1,2,Sim
ID-0127,Bienal,58.7,8,3,Não
ID-0128,Bienal,90.85,32,1,Não
ID-0129,Mensal,87.27,48,1,Sim
ID-0130,Anual,75.98,4,2,Não
ID-0131,Mensal,122.34,70,1,Não
ID-0132,Mensal,99.59,19,4,Sim
ID-0133,Mensal,58.1,32,1,Não
ID-0134,Mensal,72.02,9,3,Sim
ID-0135,Bienal,118.33,12,2,Não
ID-0136,Mensal,57.61,11,0,Sim
ID-0137,Anual,135.12,46,1,Não
ID-0138,Anual,99.51,16,1,Não
ID-0139,Mensal,98.06,1,2,Sim
ID-0140,Bienal,109.24,63,4,Não
ID-0141,Bienal,132.47,21,2,Não
ID-0142,Mensal,84.78,30,1,Não
ID-0143,Mensal,117.8,13,1,Sim
ID-0144,Mensal,106.57,34,4,Sim
ID-0145,Mensal,76.7,4,2,Sim
ID-0146,Mensal,137.86,28,5,Sim
ID-0147,Anual,129.74,59,3,Não
ID-0148,Anual,115.85,27,0,Não
ID-0149,Mensal,135.06,69,5,Sim
ID-0150,Mensal,136.73,25,1,Sim
ID-0151,Bienal,120.84,3,0,Não
ID-0152,Mensal,133.7,68,1,Sim
ID-0153,Mensal,119.75,25,2,Não
ID-0154,Mensal,118.01,20,1,Não
ID-0155,Bienal,111.86,34,2,Não
ID-0156,Mensal,125.27,26,1,Não
ID-0157,Anual,65.86,5,0,Não
ID-0158,Anual,138.09,61,1,Não
ID-0159,Mensal,137.18,9,4,Sim
ID-0160,Anual,52.92,50,2,Não
ID-0161,Mensal,132.58,6,1,Não
ID-0162,Anual,62.89,60,1,Não
ID-0163,Anual,83.51,44,3,Não
ID-0164,Anual,124.35,11,1,Não
ID-0165,Mensal,66.08,66,2,Não
ID-0166,Bienal,131.8,47,3,Não
ID-0167,Mensal,133.21,3,0,Sim
ID-0168,Mensal,100.75,30,0,Não
ID-0169,Mensal,50.64,21,0,Sim
ID-0170,Anual,78.7,28,2,Não
ID-0171,Anual,111.69,62,1,Não
ID-0172,Mensal,148.12,33,2,Não
ID-0173,Anual,113.18,35,0,Não
ID-0174,Mensal,75.98,52,2,Sim
ID-0175,Anual,113.4,34,1,Não
ID-0176,Mensal,104.0,41,0,Não
ID-0177,Anual,127.98,51,1,Não
ID-0178,Mensal,60.7,47,3,Não
ID-0179,Bienal,126.1,58,2,Não
ID-0180,Mensal,104.13,57,2,Não
ID-0181,Mensal,146.3,23,0,Sim
ID-0182,Mensal,84.19,48,5,Sim
ID-0183,Bienal,113.26,22,1,Não
ID-0184,Bienal,143.2,17,1,Não
ID-0185,Mensal,60.25,69,3,Não
ID-0186,Anual,143.72,11,2,Não
ID-0187,Bienal,118.79,15,2,Não
ID-0188,Anual,56.78,35,1,Não
ID-0189,Anual,80.1,33,1,Não
ID-0190,Mensal,120.82,16,5,Sim
ID-0191,Mensal,56.74,34,1,Não
ID-0192,Bienal,108.22,66,0,Não
ID-0193,Bienal,84.59,40,1,Não
ID-0194,Anual,112.09,28,3,Não
ID-0195,Mensal,54.57,47,3,Sim
ID-0196,Mensal,137.15,39,2,Sim
ID-0197,Anual,147.35,70,1,Não
ID-0198,Bienal,146.89,20,8,Não
ID-0199,Bienal,124.97,1,0,Não
ID-0200,Anual,63.01,63,2,Não
ID-0201,Anual,125.83,67,4,Não
ID-0202,Mensal,52.46,4,0,Sim
ID-0203,Mensal,52.21,58,0,Sim
ID-0204,Bienal,82.36,25,1,Não
ID-0205,Anual,98.86,47,0,Não
ID-0206,Mensal,127.04,38,2,Sim
ID-0207,Mensal,118.33,15,0,Sim
ID-0208,Anual,94.59,63,1,Não
ID-0209,Mensal,77.36,21,2,Não
ID-0210,Mensal,149.71,57,1,Não
ID-0211,Anual,92.62,53,3,Não
ID-0212,Anual,95.14,46,3,Não
ID-0213,Anual,66.36,14,2,Não
ID-0214,Mensal,129.48,17,1,Não
ID-0215,Anual,119.37,39,2,Não
ID-0216,Mensal,72.08,9,4,Sim
ID-0217,Mensal,58.24,6,1,Sim
ID-0218,Anual,118.05,23,2,Não
ID-0219,Anual,115.45,59,2,Não
ID-0220,Bienal,77.33,46,3,Não
ID-0221,Anual,145.09,38,0,Não
ID-0222,Anual,65.11,14,0,Não
ID-0223,Mensal,93.23,62,3,Sim
ID-0224,Mensal,144.36,35,1,Não
ID-0225,Mensal,91.97,19,0,Não
ID-0226,Mensal,113.85,30,1,Não
ID-0227,Bienal,89.76,25,5,Sim
ID-0228,Mensal,77.42,40,2,Não
ID-0229,Bienal,148.4,14,1,Não
ID-0230,Anual,90.93,26,2,Não
ID-0231,Anual,139.41,22,1,Não
ID-0232,Anual,73.0,48,1,Não
ID-0233,Anual,71.31,51,2,Não
ID-0234,Mensal,53.11,3,3,Sim
ID-0235,Mensal,115.17,42,1,Sim
ID-0236,Anual,86.85,19,0,Não
ID-0237,Mensal,136.44,28,0,Não
ID-0238,Mensal,97.32,45,4,Sim
ID-0239,Anual,146.82,71,0,Não
ID-0240,Mensal,68.55,63,1,Sim
ID-0241,Bienal,136.86,19,3,Não
ID-0242,Bienal,127.66,47,2,Não
ID-0243,Bienal,127.09,14,0,Não
ID-0244,Mensal,134.48,38,1,Sim
ID-0245,Mensal,126.1,53,1,Não
ID-0246,Bienal,112.62,61,3,Não
ID-0247,Mensal,63.12,36,0,Não
ID-0248,Bienal,53.25,40,0,Não
ID-0249,Bienal,142.08,30,0,Não
ID-0250,Bienal,111.67,9,0,Não
ID-0251,Mensal,129.65,64,1,Sim
ID-0252,Mensal,98.15,33,0,Não
ID-0253,Bienal,61.73,52,2,Não
ID-0254,Mensal,62.52,14,2,Não
ID-0255,Mensal,118.56,53,2,Sim
ID-0256,Anual,93.03,59,2,Não
ID-0257,Bienal,70.05,41,3,Não
ID-0258,Anual,99.16,68,2,Não
ID-0259,Anual,56.42,68,1,Não
ID-0260,Mensal,108.2,8,0,Não
ID-0261,Anual,76.9,2,3,Não
ID-0262,Bienal,129.76,41,1,Não
ID-0263,Mensal,81.04,55,1,Não
ID-0264,Anual,95.52,16,1,Não
ID-0265,Bienal,51.16,62,2,Não
ID-0266,Anual,57.24,48,0,Não
ID-0267,Anual,89.25,30,0,Não
ID-0268,Anual,97.99,12,3,Não
ID-0269,Mensal,110.0,35,2,Não
ID-0270,Mensal,79.17,11,3,Não
ID-0271,Bienal,119.5,64,1,Não
ID-0272,Bienal,136.01,50,2,Não
ID-0273,Bienal,127.99,21,5,Não
ID-0274,Bienal,53.96,69,5,Não
ID-0275,Anual,98.05,48,0,Não
ID-0276,Anual,60.49,20,1,Não
ID-0277,Anual,74.2,67,2,Não
ID-0278,Anual,148.67,44,3,Não
ID-0279,Anual,64.25,33,2,Não
ID-0280,Anual,99.89,61,3,Não
ID-0281,Bienal,111.82,9,1,Não
ID-0282,Mensal,120.25,68,1,Não
ID-0283,Mensal,105.96,35,1,Não
ID-0284,Mensal,50.98,65,3,Não
ID-0285,Anual,82.65,8,1,Não
ID-0286,Mensal,101.77,45,1,Não
ID-0287,Mensal,58.79,47,1,Não
ID-0288,Anual,85.06,40,0,Não
ID-0289,Mensal,53.32,54,1,Não
ID-0290,Anual,57.86,46,6,Não
ID-0291,Mensal,89.69,47,4,Sim
ID-0292,Mensal,63.27,15,3,Não
ID-0293,Bienal,106.75,19,3,Não
ID-0294,Mensal,118.95,26,1,Não
ID-0295,Mensal,130.06,52,3,Não
ID-0296,Anual,70.02,22,1,Não
ID-0297,Anual,66.75,21,5,Não
ID-0298,Mensal,60.46,51,1,Não
ID-0299,Anual,113.64,38,2,Não
ID-0300,Mensal,120.65,20,3,Não
ID-0301,Mensal,53.16,29,0,Sim
ID-0302,Anual,143.62,51,2,Não
ID-0303,Anual,55.2,4,4,Sim
ID-0304,Anual,104.13,55,2,Não
ID-0305,Anual,120.91,71,0,Não
ID-0306,Bienal,137.1,28,1,Não
ID-0307,Anual,121.41,4,1,Não
ID-0308,Mensal,130.17,22,1,Sim
ID-0309,Anual,83.95,45,3,Não
ID-0310,Mensal,131.48,67,1,Sim
ID-0311,Mensal,58.01,66,2,Não
ID-0312,Mensal,139.48,34,2,Não
ID-0313,Mensal,104.76,55,2,Não
ID-0314,Bienal,131.73,1,2,Não
ID-0315,Bienal,95.23,38,0,Não
ID-0316,Anual,114.36,6,2,Não
ID-0317,Mensal,102.64,25,5,Sim
ID-0318,Mensal,123.16,17,0,Não
ID-0319,Mensal,58.16,61,1,Não
ID-0320,Mensal,56.04,12,1,Não
ID-0321,Anual,74.71,6,2,Não
ID-0322,Anual,65.95,27,0,Não
ID-0323,Anual,137.18,8,0,Não
ID-0324,Mensal,71.92,65,2,Não
ID-0325,Bienal,147.59,57,0,Não
ID-0326,Anual,83.69,40,1,Não
ID-0327,Anual,68.21,14,4,Sim
ID-0328,Anual,128.97,35,2,Não
ID-0329,Mensal,115.87,48,2,Não
ID-0330,Mensal,99.82,56,0,Não
ID-0331,Mensal,105.54,49,3,Sim
ID-0332,Anual,121.92,13,2,Não
ID-0333,Mensal,72.85,61,1,Não
ID-0334,Mensal,149.63,49,2,Sim
ID-0335,Mensal,147.48,46,3,Não
ID-0336,Mensal,115.03,62,1,Sim
ID-0337,Bienal,69.95,8,0,Não
ID-0338,Anual,118.02,43,0,Não
ID-0339,Mensal,57.22,20,1,Sim
ID-0340,Mensal,53.07,39,3,Não
ID-0341,Mensal,75.77,49,2,Não
ID-0342,Mensal,96.26,64,1,Não
ID-0343,Mensal,136.83,62,0,Não
ID-0344,Mensal,122.72,54,0,Não
ID-0345,Mensal,124.27,9,1,Sim
ID-0346,Anual,92.55,37,1,Não
ID-0347,Anual,84.59,49,5,Não
ID-0348,Mensal,87.1,41,4,Sim
ID-0349,Mensal,148.76,17,2,Não
ID-0350,Anual,54.01,21,1,Não
ID-0351,Anual,136.7,51,0,Não
ID-0352,Bienal,107.87,59,0,Não
ID-0353,Anual,93.86,39,0,Não
ID-0354,Mensal,122.53,55,1,Não
ID-0355,Mensal,98.67,41,2,Não
ID-0356,Anual,137.34,39,3,Não
ID-0357,Mensal,140.07,13,2,Não
ID-0358,Anual,92.17,64,0,Não
ID-0359,Bienal,77.68,11,1,Não
ID-0360,Anual,109.24,19,3,Não
ID-0361,Mensal,141.24,11,0,Não
ID-0362,Anual,71.07,46,0,Não
ID-0363,Mensal,112.3,45,3,Não
ID-0364,Anual,113.16,1,0,Não
ID-0365,Bienal,123.31,40,0,Não
ID-0366,Mensal,63.16,19,1,Não
ID-0367,Bienal,121.58,61,3,Não
ID-0368,Bienal,140.9,12,1,Não
ID-0369,Mensal,67.97,61,1,Não
ID-0370,Mensal,73.75,33,2,Não
ID-0371,Mensal,147.14,45,1,Não
ID-0372,Mensal,68.1,69,1,Sim
ID-0373,Mensal,135.44,8,2,Sim
ID-0374,Anual,99.23,25,2,Não
ID-0375,Mensal,74.72,46,1,Não
ID-0376,Mensal,137.07,30,4,Sim
ID-0377,Bienal,94.53,47,1,Não
ID-0378,Mensal,101.48,49,0,Não
ID-0379,Bienal,85.92,47,1,Não
ID-0380,Mensal,109.3,18,0,Não
ID-0381,Mensal,66.35,66,1,Não
ID-0382,Anual,89.11,68,0,Não
ID-0383,Anual,146.94,33,2,Não
ID-0384,Bienal,75.81,36,2,Não
ID-0385,Anual,115.67,19,2,Não
ID-0386,Bienal,82.52,28,1,Não
ID-0387,Mensal,127.35,40,1,Não
ID-0388,Mensal,63.09,15,0,Não
ID-0389,Anual,146.98,41,1,Não
ID-0390,Bienal,95.38,39,2,Não
ID-0391,Bienal,73.61,2,2,Não
ID-0392,Mensal,57.35,63,2,Não
ID-0393,Mensal,66.98,29,2,Não
ID-0394,Anual,101.98,66,1,Não
ID-0395,Mensal,83.7,51,2,Não
ID-0396,Bienal,132.89,10,4,Sim
ID-0397,Bienal,93.09,14,1,Não
ID-0398,Mensal,74.87,51,0,Não
ID-0399,Anual,111.71,39,3,Não
ID-0400,Anual,120.68,28,2,Não
ID-0401,Mensal,66.7,3,2,Sim
ID-0402,Bienal,66.76,70,1,Não
ID-0403,Anual,53.67,27,1,Não
ID-0404,Bienal,123.64,2,0,Não
ID-0405,Mensal,116.38,38,2,Não
ID-0406,Bienal,97.46,3,2,Não
ID-0407,Mensal,134.42,16,2,Não
ID-0408,Mensal,130.57,40,2,Não
ID-0409,Bienal,108.54,2,1,Não
ID-0410,Mensal,136.83,41,0,Não
ID-0411,Mensal,70.58,12,1,Não
ID-0412,Bienal,61.19,35,1,Não
ID-0413,Bienal,76.97,65,2,Não
ID-0414,Anual,55.71,55,1,Não
ID-0415,Anual,103.12,45,0,Não
ID-0416,Mensal,143.66,62,1,Não
ID-0417,Mensal,53.93,49,1,Não
ID-0418,Mensal,62.21,25,4,Sim
ID-0419,Anual,95.22,23,1,Não
ID-0420,Anual,143.39,24,1,Não
ID-0421,Anual,81.62,38,0,Não
ID-0422,Anual,100.72,28,0,Não
ID-0423,Mensal,54.16,21,3,Sim
ID-0424,Mensal,64.83,54,1,Sim
ID-0425,Mensal,148.66,18,0,Não
ID-0426,Anual,146.51,36,1,Não
ID-0427,Mensal,50.49,45,0,Não
ID-0428,Bienal,145.18,53,1,Não
ID-0429,Mensal,113.91,30,0,Não
ID-0430,Mensal,136.79,60,0,Não
ID-0431,Mensal,95.47,32,0,Sim
ID-0432,Anual,101.56,67,0,Não
ID-0433,Anual,98.88,67,1,Não
ID-0434,Mensal,116.69,28,1,Não
ID-0435,Mensal,63.97,44,4,Sim
ID-0436,Anual,53.0,41,2,Não
ID-0437,Mensal,80.79,63,0,Não
ID-0438,Bienal,120.47,23,2,Não
ID-0439,Anual,70.19,48,2,Não
ID-0440,Mensal,117.34,32,0,Não
ID-0441,Mensal,146.99,57,0,Não
ID-0442,Bienal,59.39,33,2,Não
ID-0443,Mensal,117.26,24,1,Não
ID-0444,Mensal,94.38,39,2,Não
ID-0445,Bienal,136.81,34,1,Não
ID-0446,Bienal,67.71,56,0,Não
ID-0447,Bienal,119.26,28,3,Não
ID-0448,Anual,133.81,37,1,Não
ID-0449,Mensal,144.46,7,0,Não
ID-0450,Mensal,118.32,68,2,Sim
ID-0451,Anual,99.72,37,0,Não
ID-0452,Anual,111.78,56,1,Não
ID-0453,Mensal,136.89,65,2,Não
ID-0454,Bienal,107.06,65,0,Não
ID-0455,Mensal,53.04,47,2,Não
ID-0456,Mensal,143.09,20,3,Não
ID-0457,Mensal,118.95,19,2,Sim
ID-0458,Mensal,117.65,29,2,Sim
ID-0459,Mensal,71.57,60,1,Sim
ID-0460,Mensal,115.89,18,0,Não
ID-0461,Mensal,89.39,35,0,Não
ID-0462,Anual,115.12,43,2,Não
ID-0463,Anual,60.66,11,2,Não
ID-0464,Anual,115.78,49,4,Não
ID-0465,Bienal,149.94,38,0,Não
ID-0466,Mensal,54.82,64,1,Não
ID-0467,Mensal,147.72,69,1,Não
ID-0468,Bienal,90.69,8,0,Não
ID-0469,Mensal,137.08,34,3,Sim
ID-0470,Bienal,128.24,48,0,Não
ID-0471,Mensal,106.7,56,1,Não
ID-0472,Bienal,123.84,65,0,Não
ID-0473,Mensal,137.85,31,2,Sim
ID-0474,Bienal,90.41,4,2,Não
ID-0475,Anual,82.7,50,1,Não
ID-0476,Bienal,116.76,69,0,Não
ID-0477,Mensal,130.78,30,1,Não
ID-0478,Anual,126.23,59,1,Não
ID-0479,Bienal,129.78,67,2,Não
ID-0480,Anual,93.56,45,0,Não
ID-0481,Anual,131.78,4,3,Não
ID-0482,Anual,62.02,26,3,Não
ID-0483,Mensal,104.45,27,2,Não
ID-0484,Anual,50.58,46,2,Não
ID-0485,Anual,82.46,64,0,Não
ID-0486,Bienal,86.65,51,1,Não
ID-0487,Mensal,89.62,50,1,Sim
ID-0488,Mensal,119.55,6,2,Não
ID-0489,Bienal,88.86,59,6,Não
ID-0490,Bienal,94.87,15,3,Não
ID-0491,Mensal,73.75,30,1,Não
ID-0492,Anual,87.33,42,2,Não
ID-0493,Mensal,72.73,37,1,Não
ID-0494,Mensal,57.32,42,3,Não
ID-0495,Mensal,110.34,35,0,Sim
ID-0496,Mensal,116.82,6,3,Sim
ID-0497,Anual,111.95,68,2,Não
ID-0498,Mensal,96.35,18,1,Não
ID-0499,Bienal,87.98,29,1,Não
ID-0500,Bienal,136.33,59,1,Não
ID-0501,Anual,101.91,47,0,Não
ID-0502,Anual,97.92,17,0,Não
ID-0503,Mensal,52.56,22,6,Sim
ID-0504,Bienal,84.12,68,2,Não
ID-0505,Anual,88.02,69,1,Não
ID-0506,Mensal,89.88,37,0,Não
ID-0507,Bienal,108.02,49,0,Não
ID-0508,Bienal,103.36,13,3,Não
ID-0509,Bienal,110.79,34,0,Não
ID-0510,Anual,126.49,53,2,Não
ID-0511,Anual,131.3,51,1,Não
ID-0512,Mensal,121.81,3,3,Não
ID-0513,Bienal,145.55,42,2,Não
ID-0514,Bienal,51.82,32,0,Não
ID-0515,Mensal,69.58,51,1,Sim
ID-0516,Mensal,50.76,46,3,Não
ID-0517,Mensal,114.75,21,3,Não
ID-0518,Bienal,139.8,44,2,Não
ID-0519,Bienal,74.35,11,1,Não
ID-0520,Mensal,142.7,68,1,Não
ID-0521,Anual,56.03,1,1,Não
ID-0522,Mensal,143.44,63,4,Sim
ID-0523,Bienal,85.16,24,0,Não
ID-0524,Bienal,60.14,13,0,Não
ID-0525,Bienal,98.59,11,2,Não
ID-0526,Mensal,75.68,51,1,Não
ID-0527,Mensal,78.49,17,2,Sim
ID-0528,Mensal,80.73,24,2,Não
ID-0529,Mensal,130.3,19,1,Não
ID-0530,Bienal,103.92,37,4,Não
ID-0531,Bienal,81.13,8,6,Não
ID-0532,Bienal,111.03,28,4,Sim
ID-0533,Bienal,121.62,5,1,Não
ID-0534,Anual,77.26,17,2,Não
ID-0535,Anual,91.35,36,2,Não
ID-0536,Bienal,62.19,19,0,Não
ID-0537,Bienal,68.11,64,0,Não
ID-0538,Mensal,118.11,11,0,Não
ID-0539,Mensal,68.14,54,1,Não
ID-0540,Mensal,102.52,45,0,Não
ID-0541,Bienal,120.9,47,4,Não
ID-0542,Anual,60.69,12,2,Não
ID-0543,Mensal,106.73,21,1,Não
ID-0544,Anual,75.66,11,2,Não
ID-0545,Anual,146.29,5,0,Não
ID-0546,Mensal,98.35,56,0,Não
ID-0547,Mensal,130.6,20,1,Não
ID-0548,Anual,105.02,41,0,Não
ID-0549,Anual,54.34,46,2,Não
ID-0550,Anual,113.32,12,1,Não
ID-0551,Anual,145.14,70,2,Não
ID-0552,Bienal,110.16,17,0,Não
ID-0553,Anual,131.92,19,1,Não
ID-0554,Anual,138.42,26,0,Não
ID-0555,Bienal,72.81,48,1,Não
ID-0556,Mensal,71.2,52,2,Não
ID-0557,Mensal,111.1,70,0,Não
ID-0558,Mensal,91.1,55,0,Não
ID-0559,Anual,133.99,33,3,Não
ID-0560,Anual,140.0,62,2,Não
ID-0561,Anual,85.34,23,2,Não
ID-0562,Mensal,73.69,15,3,Sim
ID-0563,Mensal,128.05,27,1,Não
ID-0564,Mensal,77.48,64,1,Não
ID-0565,Mensal,132.26,51,2,Não
ID-0566,Anual,92.37,53,3,Não
ID-0567,Mensal,116.75,51,1,Não
ID-0568,Mensal,59.55,47,1,Não
ID-0569,Bienal,112.39,4,2,Não
ID-0570,Mensal,95.18,7,1,Sim
ID-0571,Anual,108.66,35,1,Não
ID-0572,Anual,66.8,48,1,Não
ID-0573,Mensal,123.69,45,0,Sim
ID-0574,Anual,136.28,19,0,Não
ID-0575,Bienal,71.67,63,0,Não
ID-0576,Bienal,59.57,38,0,Não
ID-0577,Mensal,52.36,67,4,Sim
ID-0578,Bienal,114.2,59,1,Não
ID-0579,Mensal,110.71,69,1,Não
ID-0580,Mensal,104.67,13,0,Não
ID-0581,Mensal,73.19,47,0,Sim
ID-0582,Bienal,89.09,61,2,Não
ID-0583,Mensal,109.45,31,0,Não
ID-0584,Mensal,99.68,22,1,Não
ID-0585,Anual,148.78,43,0,Não
ID-0586,Mensal,63.64,67,1,Não
ID-0587,Mensal,119.51,54,1,Sim
ID-0588,Mensal,90.43,10,3,Não
ID-0589,Mensal,92.82,42,2,Não
ID-0590,Mensal,121.76,64,1,Sim
ID-0591,Mensal,119.24,21,0,Não
ID-0592,Anual,149.13,66,1,Não
ID-0593,Mensal,62.84,41,2,Não
ID-0594,Mensal,60.41,24,3,Não
ID-0595,Bienal,122.43,35,1,Não
ID-0596,Mensal,107.84,56,0,Não
ID-0597,Anual,77.42,30,3,Não
ID-0598,Mensal,57.94,57,1,Não
ID-0599,Mensal,58.57,47,5,Sim
ID-0600,Mensal,139.42,35,1,Sim
ID-0601,Mensal,69.19,19,1,Sim
ID-0602,Mensal,82.34,8,5,Sim
ID-0603,Mensal,72.67,26,0,Não
ID-0604,Mensal,85.5,71,2,Não
ID-0605,Mensal,56.94,30,1,Não
ID-0606,Mensal,101.91,7,1,Sim
ID-0607,Mensal,56.76,67,0,Sim
ID-0608,Mensal,130.04,65,0,Não
ID-0609,Anual,73.37,36,2,Não
ID-0610,Anual,104.0,25,2,Não
ID-0611,Mensal,138.01,37,1,Sim
ID-0612,Anual,115.09,1,3,Não
ID-0613,Anual,103.3,15,1,Não
ID-0614,Mensal,82.43,37,0,Não
ID-0615,Bienal,83.3,13,1,Não
ID-0616,Bienal,116.95,8,1,Não
ID-0617,Mensal,149.41,5,2,Sim
ID-0618,Mensal,116.18,60,3,Não
ID-0619,Bienal,105.78,1,4,Não
ID-0620,Anual,123.07,36,2,Não
ID-0621,Mensal,96.52,35,0,Não
ID-0622,Mensal,56.01,66,1,Não
ID-0623,Mensal,106.23,63,2,Não
ID-0624,Mensal,145.76,23,0,Não
ID-0625,Anual,67.53,9,0,Não
ID-0626,Mensal,119.0,34,4,Sim
ID-0627,Mensal,70.09,46,2,Não
ID-0628,Anual,103.58,4,3,Não
ID-0629,Mensal,59.67,30,2,Não
ID-0630,Mensal,95.04,3,0,Sim
ID-0631,Anual,125.62,14,1,Não
ID-0632,Bienal,84.76,60,1,Não
ID-0633,Anual,116.49,45,3,Não
ID-0634,Anual,129.54,34,1,Não
ID-0635,Mensal,142.72,45,0,Não
ID-0636,Mensal,73.46,61,1,Sim
ID-0637,Anual,89.93,16,0,Não
ID-0638,Mensal,65.24,66,1,Não
ID-0639,Mensal,149.25,40,1,Não
ID-0640,Mensal,142.7,17,2,Sim
ID-0641,Mensal,104.0,34,1,Não
ID-0642,Mensal,134.2,16,1,Não
ID-0643,Mensal,102.1,60,1,Sim
ID-0644,Mensal,112.36,66,1,Não
ID-0645,Mensal,58.91,66,1,Não
ID-0646,Bienal,125.53,13,1,Não
ID-0647,Anual,62.77,56,1,Não
ID-0648,Anual,132.61,31,0,Não
ID-0649,Anual,128.2,34,1,Não
ID-0650,Mensal,120.87,39,0,Não
ID-0651,Mensal,53.62,67,1,Não
ID-0652,Anual,80.31,8,0,Não
ID-0653,Anual,76.31,55,2,Não
ID-0654,Anual,86.01,27,1,Não
ID-0655,Mensal,58.76,53,1,Não
ID-0656,Mensal,143.7,39,0,Não
ID-0657,Mensal,105.38,65,1,Sim
ID-0658,Mensal,80.55,17,3,Não
ID-0659,Anual,89.7,30,1,Não
ID-0660,Anual,94.72,53,0,Não
ID-0661,Mensal,110.06,13,0,Não
ID-0662,Bienal,101.57,21,2,Não
ID-0663,Anual,141.94,19,2,Não
ID-0664,Mensal,99.7,53,1,Sim
ID-0665,Mensal,149.22,19,4,Sim
ID-0666,Mensal,135.14,57,1,Não
ID-0667,Mensal,70.85,25,2,Não
ID-0668,Mensal,143.06,31,1,Não
ID-0669,Mensal,61.64,55,1,Não
ID-0670,Mensal,131.74,23,5,Sim
ID-0671,Mensal,88.06,32,1,Não
ID-0672,Bienal,137.8,62,0,Não
ID-0673,Mensal,136.81,10,1,Sim
ID-0674,Anual,130.59,54,0,Não
ID-0675,Mensal,129.0,52,0,Sim
ID-0676,Bienal,80.47,20,0,Não
ID-0677,Mensal,58.09,32,1,Sim
ID-0678,Mensal,90.3,14,0,Não
ID-0679,Bienal,67.35,50,1,Não
ID-0680,Bienal,119.5,28,1,Não
ID-0681,Bienal,84.61,53,3,Não
ID-0682,Mensal,147.56,24,1,Não
ID-0683,Mensal,114.1,22,1,Sim
ID-0684,Anual,132.25,30,1,Não
ID-0685,Bienal,63.25,63,0,Não
ID-0686,Anual,136.2,4,1,Não
ID-0687,Anual,142.28,59,0,Não
ID-0688,Mensal,98.71,8,3,Não
ID-0689,Anual,110.63,12,1,Não
ID-0690,Mensal,126.48,31,0,Não
ID-0691,Mensal,67.48,34,1,Não
ID-0692,Mensal,100.26,49,1,Não
ID-0693,Anual,89.87,57,5,Não
ID-0694,Mensal,64.64,26,1,Não
ID-0695,Mensal,86.75,18,2,Não
ID-0696,Anual,56.82,38,2,Não
ID-0697,Mensal,52.58,50,1,Não
ID-0698,Anual,63.52,8,2,Não
ID-0699,Mensal,146.31,41,3,Não
ID-0700,Mensal,104.95,6,1,Sim
ID-0701,Anual,146.58,69,2,Não
ID-0702,Mensal,93.25,44,1,Não
ID-0703,Mensal,81.18,64,1,Sim
ID-0704,Mensal,100.61,29,0,Não
ID-0705,Mensal,93.95,28,0,Sim
ID-0706,Bienal,60.57,11,0,Não
ID-0707,Mensal,114.08,65,1,Não
ID-0708,Bienal,71.6,19,1,Não
ID-0709,Mensal,111.96,9,3,Sim
ID-0710,Anual,115.02,27,3,Não
ID-0711,Anual,65.2,34,3,Não
ID-0712,Anual,56.13,44,2,Não
ID-0713,Mensal,128.08,68,0,Sim
ID-0714,Mensal,95.98,15,0,Não
ID-0715,Mensal,55.82,51,3,Não
ID-0716,Bienal,149.49,13,1,Não
ID-0717,Bienal,55.78,49,5,Não
ID-0718,Bienal,119.5,70,3,Não
ID-0719,Mensal,148.37,56,1,Não
ID-0720,Anual,73.92,51,1,Não
ID-0721,Bienal,64.22,37,1,Não
ID-0722,Mensal,62.14,17,2,Não
ID-0723,Mensal,80.33,58,3,Não
ID-0724,Anual,60.1,29,4,Não
ID-0725,Anual,119.22,33,0,Não
ID-0726,Bienal,56.23,60,1,Não
ID-0727,Mensal,100.94,55,0,Não
ID-0728,Anual,149.67,10,0,Não
ID-0729,Mensal,131.4,47,1,Não
ID-0730,Mensal,111.52,23,0,Não
ID-0731,Mensal,80.63,21,1,Sim
ID-0732,Bienal,112.39,13,1,Não
ID-0733,Anual,102.7,33,2,Não
ID-0734,Anual,92.61,24,1,Não
ID-0735,Mensal,63.07,11,4,Sim
ID-0736,Bienal,138.66,17,1,Não
ID-0737,Mensal,94.98,68,3,Não
ID-0738,Bienal,69.46,47,1,Não
ID-0739,Mensal,86.78,25,0,Não
ID-0740,Mensal,91.41,21,1,Não
ID-0741,Mensal,132.75,12,2,Sim
ID-0742,Mensal,123.36,37,2,Não
ID-0743,Anual,126.93,42,5,Não
ID-0744,Anual,51.1,17,1,Não
ID-0745,Mensal,91.62,48,1,Não
ID-0746,Bienal,98.13,28,2,Não
ID-0747,Mensal,51.92,41,2,Não
ID-0748,Anual,75.98,47,1,Não
ID-0749,Bienal,126.03,18,1,Não
ID-0750,Anual,63.71,71,0,Não
ID-0751,Mensal,103.53,13,3,Não
ID-0752,Bienal,71.52,13,3,Não
ID-0753,Anual,51.21,31,1,Não
ID-0754,Mensal,74.12,2,2,Não
ID-0755,Mensal,147.59,16,1,Sim
ID-0756,Anual,130.15,9,3,Não
ID-0757,Anual,145.96,38,2,Não
ID-0758,Anual,98.79,54,1,Não
ID-0759,Bienal,60.97,56,0,Não
ID-0760,Anual,104.8,45,1,Não
ID-0761,Mensal,95.44,34,2,Sim
ID-0762,Mensal,134.44,9,1,Sim
ID-0763,Mensal,59.81,8,1,Sim
ID-0764,Anual,98.82,7,1,Não
ID-0765,Mensal,65.0,36,4,Sim
ID-0766,Anual,82.47,18,2,Não
ID-0767,Anual,123.74,3,2,Não
ID-0768,Bienal,97.6,28,3,Não
ID-0769,Mensal,87.59,70,1,Sim
ID-0770,Bienal,89.45,44,1,Não
ID-0771,Mensal,95.94,21,1,Sim
ID-0772,Bienal,128.5,28,0,Não
ID-0773,Mensal,139.21,54,2,Sim
ID-0774,Mensal,145.53,54,1,Sim
ID-0775,Anual,128.69,65,0,Não
ID-0776,Mensal,81.54,21,0,Não
ID-0777,Mensal,118.81,13,2,Não
ID-0778,Anual,93.76,57,4,Não
ID-0779,Anual,75.47,49,3,Não
ID-0780,Anual,134.09,54,1,Não
ID-0781,Anual,53.84,10,3,Não
ID-0782,Anual,140.18,53,1,Não
ID-0783,Mensal,96.15,44,2,Não
ID-0784,Mensal,113.72,47,0,Sim
ID-0785,Mensal,115.94,53,1,Não
ID-0786,Bienal,139.51,46,2,Não
ID-0787,Anual,113.67,13,2,Não
ID-0788,Mensal,111.39,37,3,Sim
ID-0789,Mensal,56.67,24,2,Não
ID-0790,Bienal,101.84,2,3,Não
ID-0791,Mensal,65.02,14,4,Sim
ID-0792,Anual,123.74,10,4,Sim
ID-0793,Anual,101.22,35,3,Não
ID-0794,Anual,118.02,25,3,Não
ID-0795,Mensal,54.17,3,3,Sim
ID-0796,Bienal,58.48,17,1,Não
ID-0797,Bienal,121.63,12,1,Não
ID-0798,Anual,57.21,54,1,Não
ID-0799,Anual,57.13,24,1,Não
ID-0800,Bienal,51.21,29,1,Não
ID-0801,Anual,145.65,43,3,Não
ID-0802,Mensal,123.75,25,0,Não
ID-0803,Anual,85.33,60,0,Não
ID-0804,Anual,79.65,65,1,Não
ID-0805,Mensal,84.97,28,1,Não
ID-0806,Anual,127.47,16,2,Não
ID-0807,Bienal,116.14,47,2,Não
ID-0808,Bienal,68.52,58,3,Não
ID-0809,Mensal,67.41,27,1,Sim
ID-0810,Mensal,59.84,53,0,Não
ID-0811,Bienal,116.03,42,2,Não
ID-0812,Bienal,126.44,59,1,Não
ID-0813,Mensal,76.5,47,1,Não
ID-0814,Bienal,52.09,34,0,Não
ID-0815,Bienal,58.22,37,2,Não
ID-0816,Anual,146.79,6,0,Não
ID-0817,Anual,79.54,7,1,Não
ID-0818,Mensal,126.92,25,0,Sim
ID-0819,Mensal,112.47,33,1,Não
ID-0820,Mensal,88.19,55,2,Não
ID-0821,Bienal,70.57,58,2,Não
ID-0822,Mensal,62.14,7,2,Sim
ID-0823,Mensal,111.5,57,1,Não
ID-0824,Mensal,127.46,12,6,Sim
ID-0825,Anual,114.39,16,1,Não
ID-0826,Bienal,103.03,43,2,Não
ID-0827,Mensal,54.2,7,0,Não
ID-0828,Mensal,146.85,51,2,Não
ID-0829,Anual,129.87,32,2,Não
ID-0830,Mensal,79.28,8,0,Não
ID-0831,Mensal,148.0,45,0,Não
ID-0832,Mensal,110.19,59,2,Não
ID-0833,Mensal,108.24,4,1,Sim
ID-0834,Mensal,124.81,67,1,Não
ID-0835,Mensal,131.18,29,2,Não
ID-0836,Mensal,115.65,29,3,Não
ID-0837,Bienal,62.81,28,2,Não
ID-0838,Mensal,83.83,44,0,Não
ID-0839,Anual,142.81,4,0,Não
ID-0840,Anual,72.46,9,1,Não
ID-0841,Mensal,87.22,5,1,Sim
ID-0842,Anual,93.21,56,4,Não
ID-0843,Mensal,93.94,50,2,Não
ID-0844,Bienal,111.29,15,3,Não
ID-0845,Mensal,144.31,32,0,Não
ID-0846,Mensal,74.07,28,2,Sim
ID-0847,Mensal,62.15,22,0,Não
ID-0848,Bienal,69.75,17,2,Não
ID-0849,Anual,138.69,59,1,Não
ID-0850,Anual,114.58,71,2,Não
ID-0851,Mensal,78.59,57,3,Não
ID-0852,Anual,131.59,26,0,Não
ID-0853,Mensal,136.14,25,1,Não
ID-0854,Bienal,134.65,10,5,Sim
ID-0855,Mensal,141.89,45,1,Não
ID-0856,Mensal,75.22,11,0,Sim
ID-0857,Mensal,125.5,53,0,Sim
ID-0858,Mensal,96.05,68,2,Não
ID-0859,Anual,134.2,28,3,Não
ID-0860,Mensal,122.85,65,0,Não
ID-0861,Anual,127.64,49,4,Sim
ID-0862,Mensal,115.62,47,0,Sim
ID-0863,Anual,67.74,52,1,Não
ID-0864,Mensal,104.5,54,1,Não
ID-0865,Mensal,148.47,60,0,Não
ID-0866,Anual,143.74,57,1,Não
ID-0867,Mensal,54.32,47,1,Sim
ID-0868,Mensal,66.48,31,2,Não
ID-0869,Bienal,63.17,46,2,Não
ID-0870,Bienal,122.6,26,3,Não
ID-0871,Mensal,131.78,5,0,Não
ID-0872,Mensal,71.35,52,2,Sim
ID-0873,Anual,100.59,54,3,Não
ID-0874,Mensal,134.07,33,1,Sim
ID-0875,Mensal,123.28,50,0,Não
ID-0876,Mensal,104.22,38,1,Não
ID-0877,Anual,109.03,27,1,Não
ID-0878,Anual,100.84,15,1,Não
ID-0879,Mensal,79.75,61,1,Não
ID-0880,Mensal,106.5,21,3,Não
ID-0881,Mensal,118.89,46,1,Não
ID-0882,Anual,137.33,69,1,Não
ID-0883,Mensal,113.63,6,2,Sim
ID-0884,Mensal,126.11,38,2,Não
ID-0885,Anual,66.01,62,2,Não
ID-0886,Mensal,96.16,62,2,Não
ID-0887,Anual,50.93,46,2,Não
ID-0888,Mensal,74.67,13,2,Não
ID-0889,Mensal,122.65,3,2,Sim
ID-0890,Mensal,149.18,6,3,Sim
ID-0891,Anual,59.92,8,1,Não
ID-0892,Bienal,90.15,44,3,Não
ID-0893,Bienal,130.01,33,0,Não
ID-0894,Mensal,70.4,50,1,Sim
ID-0895,Anual,105.51,11,0,Não
ID-0896,Mensal,123.31,28,1,Sim
ID-0897,Mensal,111.6,70,0,Não
ID-0898,Bienal,68.8,41,1,Não
ID-0899,Mensal,85.54,16,0,Não
ID-0900,Mensal,128.38,68,1,Não
ID-0901,Mensal,105.42,48,1,Não
ID-0902,Mensal,50.52,56,5,Sim
ID-0903,Mensal,126.1,64,0,Não
ID-0904,Anual,53.53,59,2,Não
ID-0905,Mensal,124.57,62,0,Não
ID-0906,Bienal,70.25,11,2,Não
ID-0907,Bienal,145.81,18,1,Não
ID-0908,Mensal,86.79,19,1,Não
ID-0909,Mensal,82.69,55,2,Não
ID-0910,Mensal,64.89,26,2,Não
ID-0911,Anual,80.56,6,1,Não
ID-0912,Mensal,137.67,4,1,Sim
ID-0913,Anual,149.63,29,4,Não
ID-0914,Mensal,86.83,59,2,Sim
ID-0915,Anual,94.86,17,4,Não
ID-0916,Mensal,122.21,43,1,Sim
ID-0917,Mensal,138.62,66,1,Não
ID-0918,Bienal,109.3,34,0,Não
ID-0919,Anual,89.15,8,1,Não
ID-0920,Mensal,91.26,13,2,Não
ID-0921,Bienal,119.56,8,1,Não
ID-0922,Mensal,50.32,65,1,Não
ID-0923,Bienal,111.96,43,1,Não
ID-0924,Anual,85.55,39,2,Não
ID-0925,Mensal,129.42,59,3,Sim
ID-0926,Mensal,59.3,44,1,Não
ID-0927,Mensal,108.82,9,1,Sim
ID-0928,Anual,98.1,37,0,Não
ID-0929,Anual,114.23,36,2,Não
ID-0930,Mensal,56.49,28,1,Não
ID-0931,Mensal,108.0,42,1,Não
ID-0932,Bienal,106.15,43,3,Não
ID-0933,Bienal,106.07,42,1,Não
ID-0934,Anual,110.35,66,2,Não
ID-0935,Mensal,117.65,55,1,Não
ID-0936,Mensal,130.5,48,1,Sim
ID-0937,Mensal,76.98,22,1,Não
ID-0938,Bienal,132.5,27,1,Não
ID-0939,Mensal,99.83,67,4,Sim
ID-0940,Anual,57.71,13,2,Não
ID-0941,Mensal,55.86,45,1,Não
ID-0942,Anual,83.42,10,2,Não
ID-0943,Anual,128.49,9,3,Não
ID-0944,Bienal,120.77,54,2,Não
ID-0945,Mensal,128.86,27,1,Não
ID-0946,Mensal,101.73,34,3,Sim
ID-0947,Mensal,94.02,1,3,Não
ID-0948,Bienal,64.75,32,2,Não
ID-0949,Bienal,82.82,71,0,Não
ID-0950,Anual,93.4,67,2,Não
ID-0951,Anual,58.86,20,0,Não
ID-0952,Anual,72.06,35,0,Não
ID-0953,Mensal,109.82,17,2,Não
ID-0954,Bienal,123.57,18,3,Não
ID-0955,Mensal,149.83,45,0,Não
ID-0956,Mensal,143.31,53,3,Não
ID-0957,Anual,114.26,68,0,Não
ID-0958,Mensal,92.12,65,0,Sim
ID-0959,Mensal,113.62,1,2,Sim
ID-0960,Anual,128.57,58,1,Não
ID-0961,Mensal,61.83,26,0,Não
ID-0962,Anual,90.99,20,1,Não
ID-0963,Mensal,133.98,10,2,Sim
ID-0964,Mensal,88.38,59,0,Não
ID-0965,Mensal,107.19,41,3,Não
ID-0966,Mensal,108.78,5,0,Sim
ID-0967,Anual,68.45,65,0,Não
ID-0968,Mensal,86.22,17,0,Não
ID-0969,Anual,83.45,22,2,Não
ID-0970,Mensal,52.62,41,1,Não
ID-0971,Anual,52.42,68,0,Não
ID-0972,Bienal,133.17,69,4,Não
ID-0973,Anual,77.31,11,3,Não
ID-0974,Mensal,101.81,56,1,Não
ID-0975,Mensal,79.87,51,1,Não
ID-0976,Mensal,144.07,21,2,Sim
ID-0977,Anual,75.93,26,1,Não
ID-0978,Mensal,92.97,19,5,Sim
ID-0979,Mensal,137.27,60,2,Não
ID-0980,Anual,134.19,71,0,Não
ID-0981,Mensal,68.61,47,0,Não
ID-0982,Anual,130.26,71,0,Não
ID-0983,Mensal,95.82,26,3,Não
ID-0984,Mensal,98.3,40,1,Não
ID-0985,Anual,63.35,5,4,Não
ID-0986,Mensal,58.06,21,3,Sim
ID-0987,Anual,122.79,4,3,Não
ID-0988,Mensal,99.65,23,2,Não
ID-0989,Mensal,93.69,15,1,Não
ID-0990,Bienal,122.95,8,0,Não
ID-0991,Anual,126.55,41,0,Não
ID-0992,Anual,65.89,19,0,Não
ID-0993,Mensal,111.02,46,1,Não
ID-0994,Anual,63.54,28,1,Não
ID-0995,Mensal,125.14,68,1,Não
ID-0996,Mensal,115.7,15,1,Não
ID-0997,Bienal,145.66,37,2,Não
ID-0998,Mensal,56.9,1,1,Sim
ID-0999,Bienal,55.71,67,1,Não
ID-1000,Mensal,78.22,24,1,Não
